size,pivot,partition,callback,time
10000,Median of 3,Lomuto,Insertion Sort,0.000594
10000,Median of 3,Lomuto,Insertion Sort,0.000594
10000,Median of 3,Lomuto,Insertion Sort,0.000594
10000,Median of 3,Lomuto,Insertion Sort,0.000594
10000,Median of 3,Lomuto,Insertion Sort,0.000594
10000,Median of 3,Lomuto,Insertion Sort,0.000594
10000,Median of 3,Lomuto,Insertion Sort,0.000594
10000,Median of 3,Lomuto,Insertion Sort,0.000594
10000,Median of 3,Lomuto,Insertion Sort,0.000594
10000,Median of 3,Lomuto,Insertion Sort,0.000594
10000,Median of 3,Lomuto,Insertion Sort,0.000594
10000,Median of 3,Lomuto,Insertion Sort,0.000594
20000,First Value,Lomuto,Insertion Sort,0.001266
20000,First Value,Lomuto,Insertion Sort,0.001266
20000,First Value,Lomuto,Insertion Sort,0.001266
20000,First Value,Lomuto,Insertion Sort,0.001266
20000,First Value,Lomuto,Insertion Sort,0.001266
20000,First Value,Lomuto,Insertion Sort,0.001266
20000,First Value,Lomuto,Insertion Sort,0.001266
20000,First Value,Lomuto,Insertion Sort,0.001266
20000,First Value,Lomuto,Insertion Sort,0.001266
20000,First Value,Lomuto,Insertion Sort,0.001266
20000,First Value,Lomuto,Insertion Sort,0.001266
20000,First Value,Lomuto,Insertion Sort,0.001266
30000,First Value,Lomuto,Insertion Sort,0.00199
30000,First Value,Lomuto,Insertion Sort,0.00199
30000,First Value,Lomuto,Insertion Sort,0.00199
30000,First Value,Lomuto,Insertion Sort,0.00199
30000,First Value,Lomuto,Insertion Sort,0.00199
30000,First Value,Lomuto,Insertion Sort,0.00199
30000,First Value,Lomuto,Insertion Sort,0.00199
30000,First Value,Lomuto,Insertion Sort,0.00199
30000,First Value,Lomuto,Insertion Sort,0.00199
30000,First Value,Lomuto,Insertion Sort,0.00199
30000,First Value,Lomuto,Insertion Sort,0.00199
30000,First Value,Lomuto,Insertion Sort,0.00199
40000,First Value,Lomuto,Insertion Sort,0.0026190000000000002
40000,First Value,Lomuto,Insertion Sort,0.0026190000000000002
40000,First Value,Lomuto,Insertion Sort,0.0026190000000000002
40000,First Value,Lomuto,Insertion Sort,0.0026190000000000002
40000,First Value,Lomuto,Insertion Sort,0.0026190000000000002
40000,First Value,Lomuto,Insertion Sort,0.0026190000000000002
40000,First Value,Lomuto,Insertion Sort,0.0026190000000000002
40000,First Value,Lomuto,Insertion Sort,0.0026190000000000002
40000,First Value,Lomuto,Insertion Sort,0.0026190000000000002
40000,First Value,Lomuto,Insertion Sort,0.0026190000000000002
40000,First Value,Lomuto,Insertion Sort,0.0026190000000000002
40000,First Value,Lomuto,Insertion Sort,0.0026190000000000002
50000,First Value,Lomuto,Insertion Sort,0.003389
50000,First Value,Lomuto,Insertion Sort,0.003389
50000,First Value,Lomuto,Insertion Sort,0.003389
50000,First Value,Lomuto,Insertion Sort,0.003389
50000,First Value,Lomuto,Insertion Sort,0.003389
50000,First Value,Lomuto,Insertion Sort,0.003389
50000,First Value,Lomuto,Insertion Sort,0.003389
50000,First Value,Lomuto,Insertion Sort,0.003389
50000,First Value,Lomuto,Insertion Sort,0.003389
50000,First Value,Lomuto,Insertion Sort,0.003389
50000,First Value,Lomuto,Insertion Sort,0.003389
50000,First Value,Lomuto,Insertion Sort,0.003389
60000,First Value,Lomuto,Insertion Sort,0.004113
60000,First Value,Lomuto,Insertion Sort,0.004113
60000,First Value,Lomuto,Insertion Sort,0.004113
60000,First Value,Lomuto,Insertion Sort,0.004113
60000,First Value,Lomuto,Insertion Sort,0.004113
60000,First Value,Lomuto,Insertion Sort,0.004113
60000,First Value,Lomuto,Insertion Sort,0.004113
60000,First Value,Lomuto,Insertion Sort,0.004113
60000,First Value,Lomuto,Insertion Sort,0.004113
60000,First Value,Lomuto,Insertion Sort,0.004113
60000,First Value,Lomuto,Insertion Sort,0.004113
60000,First Value,Lomuto,Insertion Sort,0.004113
70000,First Value,Lomuto,Insertion Sort,0.004896
70000,First Value,Lomuto,Insertion Sort,0.004896
70000,First Value,Lomuto,Insertion Sort,0.004896
70000,First Value,Lomuto,Insertion Sort,0.004896
70000,First Value,Lomuto,Insertion Sort,0.004896
70000,First Value,Lomuto,Insertion Sort,0.004896
70000,First Value,Lomuto,Insertion Sort,0.004896
70000,First Value,Lomuto,Insertion Sort,0.004896
70000,First Value,Lomuto,Insertion Sort,0.004896
70000,First Value,Lomuto,Insertion Sort,0.004896
70000,First Value,Lomuto,Insertion Sort,0.004896
70000,First Value,Lomuto,Insertion Sort,0.004896
80000,First Value,Lomuto,Insertion Sort,0.0054670000000000005
80000,First Value,Lomuto,Insertion Sort,0.0054670000000000005
80000,First Value,Lomuto,Insertion Sort,0.0054670000000000005
80000,First Value,Lomuto,Insertion Sort,0.0054670000000000005
80000,First Value,Lomuto,Insertion Sort,0.0054670000000000005
80000,First Value,Lomuto,Insertion Sort,0.0054670000000000005
80000,First Value,Lomuto,Insertion Sort,0.0054670000000000005
80000,First Value,Lomuto,Insertion Sort,0.0054670000000000005
80000,First Value,Lomuto,Insertion Sort,0.0054670000000000005
80000,First Value,Lomuto,Insertion Sort,0.0054670000000000005
80000,First Value,Lomuto,Insertion Sort,0.0054670000000000005
80000,First Value,Lomuto,Insertion Sort,0.0054670000000000005
90000,First Value,Lomuto,Insertion Sort,0.006258
90000,First Value,Lomuto,Insertion Sort,0.006258
90000,First Value,Lomuto,Insertion Sort,0.006258
90000,First Value,Lomuto,Insertion Sort,0.006258
90000,First Value,Lomuto,Insertion Sort,0.006258
90000,First Value,Lomuto,Insertion Sort,0.006258
90000,First Value,Lomuto,Insertion Sort,0.006258
90000,First Value,Lomuto,Insertion Sort,0.006258
90000,First Value,Lomuto,Insertion Sort,0.006258
90000,First Value,Lomuto,Insertion Sort,0.006258
90000,First Value,Lomuto,Insertion Sort,0.006258
90000,First Value,Lomuto,Insertion Sort,0.006258
100000,First Value,Lomuto,Insertion Sort,0.006998000000000001
100000,First Value,Lomuto,Insertion Sort,0.006998000000000001
100000,First Value,Lomuto,Insertion Sort,0.006998000000000001
100000,First Value,Lomuto,Insertion Sort,0.006998000000000001
100000,First Value,Lomuto,Insertion Sort,0.006998000000000001
100000,First Value,Lomuto,Insertion Sort,0.006998000000000001
100000,First Value,Lomuto,Insertion Sort,0.006998000000000001
100000,First Value,Lomuto,Insertion Sort,0.006998000000000001
100000,First Value,Lomuto,Insertion Sort,0.006998000000000001
100000,First Value,Lomuto,Insertion Sort,0.006998000000000001
100000,First Value,Lomuto,Insertion Sort,0.006998000000000001
100000,First Value,Lomuto,Insertion Sort,0.006998000000000001
110000,First Value,Lomuto,Insertion Sort,0.007879
110000,First Value,Lomuto,Insertion Sort,0.007879
110000,First Value,Lomuto,Insertion Sort,0.007879
110000,First Value,Lomuto,Insertion Sort,0.007879
110000,First Value,Lomuto,Insertion Sort,0.007879
110000,First Value,Lomuto,Insertion Sort,0.007879
110000,First Value,Lomuto,Insertion Sort,0.007879
110000,First Value,Lomuto,Insertion Sort,0.007879
110000,First Value,Lomuto,Insertion Sort,0.007879
110000,First Value,Lomuto,Insertion Sort,0.007879
110000,First Value,Lomuto,Insertion Sort,0.007879
110000,First Value,Lomuto,Insertion Sort,0.007879
120000,First Value,Lomuto,Insertion Sort,0.008166
120000,First Value,Lomuto,Insertion Sort,0.008166
120000,First Value,Lomuto,Insertion Sort,0.008166
120000,First Value,Lomuto,Insertion Sort,0.008166
120000,First Value,Lomuto,Insertion Sort,0.008166
120000,First Value,Lomuto,Insertion Sort,0.008166
120000,First Value,Lomuto,Insertion Sort,0.008166
120000,First Value,Lomuto,Insertion Sort,0.008166
120000,First Value,Lomuto,Insertion Sort,0.008166
120000,First Value,Lomuto,Insertion Sort,0.008166
120000,First Value,Lomuto,Insertion Sort,0.008166
120000,First Value,Lomuto,Insertion Sort,0.008166
130000,First Value,Lomuto,Insertion Sort,0.009123000000000001
130000,First Value,Lomuto,Insertion Sort,0.009123000000000001
130000,First Value,Lomuto,Insertion Sort,0.009123000000000001
130000,First Value,Lomuto,Insertion Sort,0.009123000000000001
130000,First Value,Lomuto,Insertion Sort,0.009123000000000001
130000,First Value,Lomuto,Insertion Sort,0.009123000000000001
130000,First Value,Lomuto,Insertion Sort,0.009123000000000001
130000,First Value,Lomuto,Insertion Sort,0.009123000000000001
130000,First Value,Lomuto,Insertion Sort,0.009123000000000001
130000,First Value,Lomuto,Insertion Sort,0.009123000000000001
130000,First Value,Lomuto,Insertion Sort,0.009123000000000001
130000,First Value,Lomuto,Insertion Sort,0.009123000000000001
140000,First Value,Lomuto,Insertion Sort,0.010173999999999999
140000,First Value,Lomuto,Insertion Sort,0.010173999999999999
140000,First Value,Lomuto,Insertion Sort,0.010173999999999999
140000,First Value,Lomuto,Insertion Sort,0.010173999999999999
140000,First Value,Lomuto,Insertion Sort,0.010173999999999999
140000,First Value,Lomuto,Insertion Sort,0.010173999999999999
140000,First Value,Lomuto,Insertion Sort,0.010173999999999999
140000,First Value,Lomuto,Insertion Sort,0.010173999999999999
140000,First Value,Lomuto,Insertion Sort,0.010173999999999999
140000,First Value,Lomuto,Insertion Sort,0.010173999999999999
140000,First Value,Lomuto,Insertion Sort,0.010173999999999999
140000,First Value,Lomuto,Insertion Sort,0.010173999999999999
150000,Median of 3,Lomuto,Insertion Sort,0.01084
150000,Median of 3,Lomuto,Insertion Sort,0.01084
150000,Median of 3,Lomuto,Insertion Sort,0.01084
150000,Median of 3,Lomuto,Insertion Sort,0.01084
150000,Median of 3,Lomuto,Insertion Sort,0.01084
150000,Median of 3,Lomuto,Insertion Sort,0.01084
150000,Median of 3,Lomuto,Insertion Sort,0.01084
150000,Median of 3,Lomuto,Insertion Sort,0.01084
150000,Median of 3,Lomuto,Insertion Sort,0.01084
150000,Median of 3,Lomuto,Insertion Sort,0.01084
150000,Median of 3,Lomuto,Insertion Sort,0.01084
150000,Median of 3,Lomuto,Insertion Sort,0.01084
160000,First Value,Lomuto,Insertion Sort,0.011914
160000,First Value,Lomuto,Insertion Sort,0.011914
160000,First Value,Lomuto,Insertion Sort,0.011914
160000,First Value,Lomuto,Insertion Sort,0.011914
160000,First Value,Lomuto,Insertion Sort,0.011914
160000,First Value,Lomuto,Insertion Sort,0.011914
160000,First Value,Lomuto,Insertion Sort,0.011914
160000,First Value,Lomuto,Insertion Sort,0.011914
160000,First Value,Lomuto,Insertion Sort,0.011914
160000,First Value,Lomuto,Insertion Sort,0.011914
160000,First Value,Lomuto,Insertion Sort,0.011914
160000,First Value,Lomuto,Insertion Sort,0.011914
170000,First Value,Lomuto,Insertion Sort,0.012212
170000,First Value,Lomuto,Insertion Sort,0.012212
170000,First Value,Lomuto,Insertion Sort,0.012212
170000,First Value,Lomuto,Insertion Sort,0.012212
170000,First Value,Lomuto,Insertion Sort,0.012212
170000,First Value,Lomuto,Insertion Sort,0.012212
170000,First Value,Lomuto,Insertion Sort,0.012212
170000,First Value,Lomuto,Insertion Sort,0.012212
170000,First Value,Lomuto,Insertion Sort,0.012212
170000,First Value,Lomuto,Insertion Sort,0.012212
170000,First Value,Lomuto,Insertion Sort,0.012212
170000,First Value,Lomuto,Insertion Sort,0.012212
180000,Median of 3,Lomuto,Insertion Sort,0.013315
180000,Median of 3,Lomuto,Insertion Sort,0.013315
180000,Median of 3,Lomuto,Insertion Sort,0.013315
180000,Median of 3,Lomuto,Insertion Sort,0.013315
180000,Median of 3,Lomuto,Insertion Sort,0.013315
180000,Median of 3,Lomuto,Insertion Sort,0.013315
180000,Median of 3,Lomuto,Insertion Sort,0.013315
180000,Median of 3,Lomuto,Insertion Sort,0.013315
180000,Median of 3,Lomuto,Insertion Sort,0.013315
180000,Median of 3,Lomuto,Insertion Sort,0.013315
180000,Median of 3,Lomuto,Insertion Sort,0.013315
180000,Median of 3,Lomuto,Insertion Sort,0.013315
190000,First Value,Lomuto,Insertion Sort,0.013946
190000,First Value,Lomuto,Insertion Sort,0.013946
190000,First Value,Lomuto,Insertion Sort,0.013946
190000,First Value,Lomuto,Insertion Sort,0.013946
190000,First Value,Lomuto,Insertion Sort,0.013946
190000,First Value,Lomuto,Insertion Sort,0.013946
190000,First Value,Lomuto,Insertion Sort,0.013946
190000,First Value,Lomuto,Insertion Sort,0.013946
190000,First Value,Lomuto,Insertion Sort,0.013946
190000,First Value,Lomuto,Insertion Sort,0.013946
190000,First Value,Lomuto,Insertion Sort,0.013946
190000,First Value,Lomuto,Insertion Sort,0.013946
200000,First Value,Lomuto,Insertion Sort,0.015005000000000001
200000,First Value,Lomuto,Insertion Sort,0.015005000000000001
200000,First Value,Lomuto,Insertion Sort,0.015005000000000001
200000,First Value,Lomuto,Insertion Sort,0.015005000000000001
200000,First Value,Lomuto,Insertion Sort,0.015005000000000001
200000,First Value,Lomuto,Insertion Sort,0.015005000000000001
200000,First Value,Lomuto,Insertion Sort,0.015005000000000001
200000,First Value,Lomuto,Insertion Sort,0.015005000000000001
200000,First Value,Lomuto,Insertion Sort,0.015005000000000001
200000,First Value,Lomuto,Insertion Sort,0.015005000000000001
200000,First Value,Lomuto,Insertion Sort,0.015005000000000001
200000,First Value,Lomuto,Insertion Sort,0.015005000000000001
210000,First Value,Lomuto,Insertion Sort,0.015352000000000001
210000,First Value,Lomuto,Insertion Sort,0.015352000000000001
210000,First Value,Lomuto,Insertion Sort,0.015352000000000001
210000,First Value,Lomuto,Insertion Sort,0.015352000000000001
210000,First Value,Lomuto,Insertion Sort,0.015352000000000001
210000,First Value,Lomuto,Insertion Sort,0.015352000000000001
210000,First Value,Lomuto,Insertion Sort,0.015352000000000001
210000,First Value,Lomuto,Insertion Sort,0.015352000000000001
210000,First Value,Lomuto,Insertion Sort,0.015352000000000001
210000,First Value,Lomuto,Insertion Sort,0.015352000000000001
210000,First Value,Lomuto,Insertion Sort,0.015352000000000001
210000,First Value,Lomuto,Insertion Sort,0.015352000000000001
220000,First Value,Lomuto,Insertion Sort,0.016824000000000002
220000,First Value,Lomuto,Insertion Sort,0.016824000000000002
220000,First Value,Lomuto,Insertion Sort,0.016824000000000002
220000,First Value,Lomuto,Insertion Sort,0.016824000000000002
220000,First Value,Lomuto,Insertion Sort,0.016824000000000002
220000,First Value,Lomuto,Insertion Sort,0.016824000000000002
220000,First Value,Lomuto,Insertion Sort,0.016824000000000002
220000,First Value,Lomuto,Insertion Sort,0.016824000000000002
220000,First Value,Lomuto,Insertion Sort,0.016824000000000002
220000,First Value,Lomuto,Insertion Sort,0.016824000000000002
220000,First Value,Lomuto,Insertion Sort,0.016824000000000002
220000,First Value,Lomuto,Insertion Sort,0.016824000000000002
230000,First Value,Lomuto,Insertion Sort,0.017059
230000,First Value,Lomuto,Insertion Sort,0.017059
230000,First Value,Lomuto,Insertion Sort,0.017059
230000,First Value,Lomuto,Insertion Sort,0.017059
230000,First Value,Lomuto,Insertion Sort,0.017059
230000,First Value,Lomuto,Insertion Sort,0.017059
230000,First Value,Lomuto,Insertion Sort,0.017059
230000,First Value,Lomuto,Insertion Sort,0.017059
230000,First Value,Lomuto,Insertion Sort,0.017059
230000,First Value,Lomuto,Insertion Sort,0.017059
230000,First Value,Lomuto,Insertion Sort,0.017059
230000,First Value,Lomuto,Insertion Sort,0.017059
240000,First Value,Lomuto,Insertion Sort,0.017861000000000002
240000,First Value,Lomuto,Insertion Sort,0.017861000000000002
240000,First Value,Lomuto,Insertion Sort,0.017861000000000002
240000,First Value,Lomuto,Insertion Sort,0.017861000000000002
240000,First Value,Lomuto,Insertion Sort,0.017861000000000002
240000,First Value,Lomuto,Insertion Sort,0.017861000000000002
240000,First Value,Lomuto,Insertion Sort,0.017861000000000002
240000,First Value,Lomuto,Insertion Sort,0.017861000000000002
240000,First Value,Lomuto,Insertion Sort,0.017861000000000002
240000,First Value,Lomuto,Insertion Sort,0.017861000000000002
240000,First Value,Lomuto,Insertion Sort,0.017861000000000002
240000,First Value,Lomuto,Insertion Sort,0.017861000000000002
250000,First Value,Lomuto,Insertion Sort,0.018882
250000,First Value,Lomuto,Insertion Sort,0.018882
250000,First Value,Lomuto,Insertion Sort,0.018882
250000,First Value,Lomuto,Insertion Sort,0.018882
250000,First Value,Lomuto,Insertion Sort,0.018882
250000,First Value,Lomuto,Insertion Sort,0.018882
250000,First Value,Lomuto,Insertion Sort,0.018882
250000,First Value,Lomuto,Insertion Sort,0.018882
250000,First Value,Lomuto,Insertion Sort,0.018882
250000,First Value,Lomuto,Insertion Sort,0.018882
250000,First Value,Lomuto,Insertion Sort,0.018882
250000,First Value,Lomuto,Insertion Sort,0.018882
260000,First Value,Lomuto,Insertion Sort,0.019893
260000,First Value,Lomuto,Insertion Sort,0.019893
260000,First Value,Lomuto,Insertion Sort,0.019893
260000,First Value,Lomuto,Insertion Sort,0.019893
260000,First Value,Lomuto,Insertion Sort,0.019893
260000,First Value,Lomuto,Insertion Sort,0.019893
260000,First Value,Lomuto,Insertion Sort,0.019893
260000,First Value,Lomuto,Insertion Sort,0.019893
260000,First Value,Lomuto,Insertion Sort,0.019893
260000,First Value,Lomuto,Insertion Sort,0.019893
260000,First Value,Lomuto,Insertion Sort,0.019893
260000,First Value,Lomuto,Insertion Sort,0.019893
270000,First Value,Lomuto,Insertion Sort,0.020193
270000,First Value,Lomuto,Insertion Sort,0.020193
270000,First Value,Lomuto,Insertion Sort,0.020193
270000,First Value,Lomuto,Insertion Sort,0.020193
270000,First Value,Lomuto,Insertion Sort,0.020193
270000,First Value,Lomuto,Insertion Sort,0.020193
270000,First Value,Lomuto,Insertion Sort,0.020193
270000,First Value,Lomuto,Insertion Sort,0.020193
270000,First Value,Lomuto,Insertion Sort,0.020193
270000,First Value,Lomuto,Insertion Sort,0.020193
270000,First Value,Lomuto,Insertion Sort,0.020193
270000,First Value,Lomuto,Insertion Sort,0.020193
280000,Median of 3,Lomuto,Insertion Sort,0.01898
280000,Median of 3,Lomuto,Insertion Sort,0.01898
280000,Median of 3,Lomuto,Insertion Sort,0.01898
280000,Median of 3,Lomuto,Insertion Sort,0.01898
280000,Median of 3,Lomuto,Insertion Sort,0.01898
280000,Median of 3,Lomuto,Insertion Sort,0.01898
280000,Median of 3,Lomuto,Insertion Sort,0.01898
280000,Median of 3,Lomuto,Insertion Sort,0.01898
280000,Median of 3,Lomuto,Insertion Sort,0.01898
280000,Median of 3,Lomuto,Insertion Sort,0.01898
280000,Median of 3,Lomuto,Insertion Sort,0.01898
280000,Median of 3,Lomuto,Insertion Sort,0.01898
290000,First Value,Lomuto,Insertion Sort,0.019284
290000,First Value,Lomuto,Insertion Sort,0.019284
290000,First Value,Lomuto,Insertion Sort,0.019284
290000,First Value,Lomuto,Insertion Sort,0.019284
290000,First Value,Lomuto,Insertion Sort,0.019284
290000,First Value,Lomuto,Insertion Sort,0.019284
290000,First Value,Lomuto,Insertion Sort,0.019284
290000,First Value,Lomuto,Insertion Sort,0.019284
290000,First Value,Lomuto,Insertion Sort,0.019284
290000,First Value,Lomuto,Insertion Sort,0.019284
290000,First Value,Lomuto,Insertion Sort,0.019284
290000,First Value,Lomuto,Insertion Sort,0.019284
300000,First Value,Lomuto,Insertion Sort,0.01966
300000,First Value,Lomuto,Insertion Sort,0.01966
300000,First Value,Lomuto,Insertion Sort,0.01966
300000,First Value,Lomuto,Insertion Sort,0.01966
300000,First Value,Lomuto,Insertion Sort,0.01966
300000,First Value,Lomuto,Insertion Sort,0.01966
300000,First Value,Lomuto,Insertion Sort,0.01966
300000,First Value,Lomuto,Insertion Sort,0.01966
300000,First Value,Lomuto,Insertion Sort,0.01966
300000,First Value,Lomuto,Insertion Sort,0.01966
300000,First Value,Lomuto,Insertion Sort,0.01966
300000,First Value,Lomuto,Insertion Sort,0.01966
310000,First Value,Lomuto,Insertion Sort,0.020491
310000,First Value,Lomuto,Insertion Sort,0.020491
310000,First Value,Lomuto,Insertion Sort,0.020491
310000,First Value,Lomuto,Insertion Sort,0.020491
310000,First Value,Lomuto,Insertion Sort,0.020491
310000,First Value,Lomuto,Insertion Sort,0.020491
310000,First Value,Lomuto,Insertion Sort,0.020491
310000,First Value,Lomuto,Insertion Sort,0.020491
310000,First Value,Lomuto,Insertion Sort,0.020491
310000,First Value,Lomuto,Insertion Sort,0.020491
310000,First Value,Lomuto,Insertion Sort,0.020491
310000,First Value,Lomuto,Insertion Sort,0.020491
320000,First Value,Lomuto,Insertion Sort,0.021171000000000002
320000,First Value,Lomuto,Insertion Sort,0.021171000000000002
320000,First Value,Lomuto,Insertion Sort,0.021171000000000002
320000,First Value,Lomuto,Insertion Sort,0.021171000000000002
320000,First Value,Lomuto,Insertion Sort,0.021171000000000002
320000,First Value,Lomuto,Insertion Sort,0.021171000000000002
320000,First Value,Lomuto,Insertion Sort,0.021171000000000002
320000,First Value,Lomuto,Insertion Sort,0.021171000000000002
320000,First Value,Lomuto,Insertion Sort,0.021171000000000002
320000,First Value,Lomuto,Insertion Sort,0.021171000000000002
320000,First Value,Lomuto,Insertion Sort,0.021171000000000002
320000,First Value,Lomuto,Insertion Sort,0.021171000000000002
330000,First Value,Lomuto,Insertion Sort,0.021736000000000002
330000,First Value,Lomuto,Insertion Sort,0.021736000000000002
330000,First Value,Lomuto,Insertion Sort,0.021736000000000002
330000,First Value,Lomuto,Insertion Sort,0.021736000000000002
330000,First Value,Lomuto,Insertion Sort,0.021736000000000002
330000,First Value,Lomuto,Insertion Sort,0.021736000000000002
330000,First Value,Lomuto,Insertion Sort,0.021736000000000002
330000,First Value,Lomuto,Insertion Sort,0.021736000000000002
330000,First Value,Lomuto,Insertion Sort,0.021736000000000002
330000,First Value,Lomuto,Insertion Sort,0.021736000000000002
330000,First Value,Lomuto,Insertion Sort,0.021736000000000002
330000,First Value,Lomuto,Insertion Sort,0.021736000000000002
340000,First Value,Lomuto,Insertion Sort,0.022694
340000,First Value,Lomuto,Insertion Sort,0.022694
340000,First Value,Lomuto,Insertion Sort,0.022694
340000,First Value,Lomuto,Insertion Sort,0.022694
340000,First Value,Lomuto,Insertion Sort,0.022694
340000,First Value,Lomuto,Insertion Sort,0.022694
340000,First Value,Lomuto,Insertion Sort,0.022694
340000,First Value,Lomuto,Insertion Sort,0.022694
340000,First Value,Lomuto,Insertion Sort,0.022694
340000,First Value,Lomuto,Insertion Sort,0.022694
340000,First Value,Lomuto,Insertion Sort,0.022694
340000,First Value,Lomuto,Insertion Sort,0.022694
350000,First Value,Lomuto,Insertion Sort,0.02337
350000,First Value,Lomuto,Insertion Sort,0.02337
350000,First Value,Lomuto,Insertion Sort,0.02337
350000,First Value,Lomuto,Insertion Sort,0.02337
350000,First Value,Lomuto,Insertion Sort,0.02337
350000,First Value,Lomuto,Insertion Sort,0.02337
350000,First Value,Lomuto,Insertion Sort,0.02337
350000,First Value,Lomuto,Insertion Sort,0.02337
350000,First Value,Lomuto,Insertion Sort,0.02337
350000,First Value,Lomuto,Insertion Sort,0.02337
350000,First Value,Lomuto,Insertion Sort,0.02337
350000,First Value,Lomuto,Insertion Sort,0.02337
360000,First Value,Lomuto,Insertion Sort,0.024082
360000,First Value,Lomuto,Insertion Sort,0.024082
360000,First Value,Lomuto,Insertion Sort,0.024082
360000,First Value,Lomuto,Insertion Sort,0.024082
360000,First Value,Lomuto,Insertion Sort,0.024082
360000,First Value,Lomuto,Insertion Sort,0.024082
360000,First Value,Lomuto,Insertion Sort,0.024082
360000,First Value,Lomuto,Insertion Sort,0.024082
360000,First Value,Lomuto,Insertion Sort,0.024082
360000,First Value,Lomuto,Insertion Sort,0.024082
360000,First Value,Lomuto,Insertion Sort,0.024082
360000,First Value,Lomuto,Insertion Sort,0.024082
370000,First Value,Lomuto,Insertion Sort,0.024808
370000,First Value,Lomuto,Insertion Sort,0.024808
370000,First Value,Lomuto,Insertion Sort,0.024808
370000,First Value,Lomuto,Insertion Sort,0.024808
370000,First Value,Lomuto,Insertion Sort,0.024808
370000,First Value,Lomuto,Insertion Sort,0.024808
370000,First Value,Lomuto,Insertion Sort,0.024808
370000,First Value,Lomuto,Insertion Sort,0.024808
370000,First Value,Lomuto,Insertion Sort,0.024808
370000,First Value,Lomuto,Insertion Sort,0.024808
370000,First Value,Lomuto,Insertion Sort,0.024808
370000,First Value,Lomuto,Insertion Sort,0.024808
380000,Median of 3,Lomuto,Insertion Sort,0.026835
380000,Median of 3,Lomuto,Insertion Sort,0.026835
380000,Median of 3,Lomuto,Insertion Sort,0.026835
380000,Median of 3,Lomuto,Insertion Sort,0.026835
380000,Median of 3,Lomuto,Insertion Sort,0.026835
380000,Median of 3,Lomuto,Insertion Sort,0.026835
380000,Median of 3,Lomuto,Insertion Sort,0.026835
380000,Median of 3,Lomuto,Insertion Sort,0.026835
380000,Median of 3,Lomuto,Insertion Sort,0.026835
380000,Median of 3,Lomuto,Insertion Sort,0.026835
380000,Median of 3,Lomuto,Insertion Sort,0.026835
380000,Median of 3,Lomuto,Insertion Sort,0.026835
390000,First Value,Lomuto,Insertion Sort,0.028506
390000,First Value,Lomuto,Insertion Sort,0.028506
390000,First Value,Lomuto,Insertion Sort,0.028506
390000,First Value,Lomuto,Insertion Sort,0.028506
390000,First Value,Lomuto,Insertion Sort,0.028506
390000,First Value,Lomuto,Insertion Sort,0.028506
390000,First Value,Lomuto,Insertion Sort,0.028506
390000,First Value,Lomuto,Insertion Sort,0.028506
390000,First Value,Lomuto,Insertion Sort,0.028506
390000,First Value,Lomuto,Insertion Sort,0.028506
390000,First Value,Lomuto,Insertion Sort,0.028506
390000,First Value,Lomuto,Insertion Sort,0.028506
400000,First Value,Lomuto,Insertion Sort,0.029513
400000,First Value,Lomuto,Insertion Sort,0.029513
400000,First Value,Lomuto,Insertion Sort,0.029513
400000,First Value,Lomuto,Insertion Sort,0.029513
400000,First Value,Lomuto,Insertion Sort,0.029513
400000,First Value,Lomuto,Insertion Sort,0.029513
400000,First Value,Lomuto,Insertion Sort,0.029513
400000,First Value,Lomuto,Insertion Sort,0.029513
400000,First Value,Lomuto,Insertion Sort,0.029513
400000,First Value,Lomuto,Insertion Sort,0.029513
400000,First Value,Lomuto,Insertion Sort,0.029513
400000,First Value,Lomuto,Insertion Sort,0.029513
410000,First Value,Lomuto,Insertion Sort,0.032789
410000,First Value,Lomuto,Insertion Sort,0.032789
410000,First Value,Lomuto,Insertion Sort,0.032789
410000,First Value,Lomuto,Insertion Sort,0.032789
410000,First Value,Lomuto,Insertion Sort,0.032789
410000,First Value,Lomuto,Insertion Sort,0.032789
410000,First Value,Lomuto,Insertion Sort,0.032789
410000,First Value,Lomuto,Insertion Sort,0.032789
410000,First Value,Lomuto,Insertion Sort,0.032789
410000,First Value,Lomuto,Insertion Sort,0.032789
410000,First Value,Lomuto,Insertion Sort,0.032789
410000,First Value,Lomuto,Insertion Sort,0.032789
420000,First Value,Lomuto,Insertion Sort,0.032535
420000,First Value,Lomuto,Insertion Sort,0.032535
420000,First Value,Lomuto,Insertion Sort,0.032535
420000,First Value,Lomuto,Insertion Sort,0.032535
420000,First Value,Lomuto,Insertion Sort,0.032535
420000,First Value,Lomuto,Insertion Sort,0.032535
420000,First Value,Lomuto,Insertion Sort,0.032535
420000,First Value,Lomuto,Insertion Sort,0.032535
420000,First Value,Lomuto,Insertion Sort,0.032535
420000,First Value,Lomuto,Insertion Sort,0.032535
420000,First Value,Lomuto,Insertion Sort,0.032535
420000,First Value,Lomuto,Insertion Sort,0.032535
430000,First Value,Lomuto,Insertion Sort,0.034395999999999996
430000,First Value,Lomuto,Insertion Sort,0.034395999999999996
430000,First Value,Lomuto,Insertion Sort,0.034395999999999996
430000,First Value,Lomuto,Insertion Sort,0.034395999999999996
430000,First Value,Lomuto,Insertion Sort,0.034395999999999996
430000,First Value,Lomuto,Insertion Sort,0.034395999999999996
430000,First Value,Lomuto,Insertion Sort,0.034395999999999996
430000,First Value,Lomuto,Insertion Sort,0.034395999999999996
430000,First Value,Lomuto,Insertion Sort,0.034395999999999996
430000,First Value,Lomuto,Insertion Sort,0.034395999999999996
430000,First Value,Lomuto,Insertion Sort,0.034395999999999996
430000,First Value,Lomuto,Insertion Sort,0.034395999999999996
440000,First Value,Lomuto,Insertion Sort,0.035463
440000,First Value,Lomuto,Insertion Sort,0.035463
440000,First Value,Lomuto,Insertion Sort,0.035463
440000,First Value,Lomuto,Insertion Sort,0.035463
440000,First Value,Lomuto,Insertion Sort,0.035463
440000,First Value,Lomuto,Insertion Sort,0.035463
440000,First Value,Lomuto,Insertion Sort,0.035463
440000,First Value,Lomuto,Insertion Sort,0.035463
440000,First Value,Lomuto,Insertion Sort,0.035463
440000,First Value,Lomuto,Insertion Sort,0.035463
440000,First Value,Lomuto,Insertion Sort,0.035463
440000,First Value,Lomuto,Insertion Sort,0.035463
450000,Median of 3,Lomuto,Insertion Sort,0.036189
450000,Median of 3,Lomuto,Insertion Sort,0.036189
450000,Median of 3,Lomuto,Insertion Sort,0.036189
450000,Median of 3,Lomuto,Insertion Sort,0.036189
450000,Median of 3,Lomuto,Insertion Sort,0.036189
450000,Median of 3,Lomuto,Insertion Sort,0.036189
450000,Median of 3,Lomuto,Insertion Sort,0.036189
450000,Median of 3,Lomuto,Insertion Sort,0.036189
450000,Median of 3,Lomuto,Insertion Sort,0.036189
450000,Median of 3,Lomuto,Insertion Sort,0.036189
450000,Median of 3,Lomuto,Insertion Sort,0.036189
450000,Median of 3,Lomuto,Insertion Sort,0.036189
460000,First Value,Lomuto,Insertion Sort,0.037308999999999995
460000,First Value,Lomuto,Insertion Sort,0.037308999999999995
460000,First Value,Lomuto,Insertion Sort,0.037308999999999995
460000,First Value,Lomuto,Insertion Sort,0.037308999999999995
460000,First Value,Lomuto,Insertion Sort,0.037308999999999995
460000,First Value,Lomuto,Insertion Sort,0.037308999999999995
460000,First Value,Lomuto,Insertion Sort,0.037308999999999995
460000,First Value,Lomuto,Insertion Sort,0.037308999999999995
460000,First Value,Lomuto,Insertion Sort,0.037308999999999995
460000,First Value,Lomuto,Insertion Sort,0.037308999999999995
460000,First Value,Lomuto,Insertion Sort,0.037308999999999995
460000,First Value,Lomuto,Insertion Sort,0.037308999999999995
470000,First Value,Lomuto,Insertion Sort,0.036048000000000004
470000,First Value,Lomuto,Insertion Sort,0.036048000000000004
470000,First Value,Lomuto,Insertion Sort,0.036048000000000004
470000,First Value,Lomuto,Insertion Sort,0.036048000000000004
470000,First Value,Lomuto,Insertion Sort,0.036048000000000004
470000,First Value,Lomuto,Insertion Sort,0.036048000000000004
470000,First Value,Lomuto,Insertion Sort,0.036048000000000004
470000,First Value,Lomuto,Insertion Sort,0.036048000000000004
470000,First Value,Lomuto,Insertion Sort,0.036048000000000004
470000,First Value,Lomuto,Insertion Sort,0.036048000000000004
470000,First Value,Lomuto,Insertion Sort,0.036048000000000004
470000,First Value,Lomuto,Insertion Sort,0.036048000000000004
480000,First Value,Lomuto,Insertion Sort,0.037304000000000004
480000,First Value,Lomuto,Insertion Sort,0.037304000000000004
480000,First Value,Lomuto,Insertion Sort,0.037304000000000004
480000,First Value,Lomuto,Insertion Sort,0.037304000000000004
480000,First Value,Lomuto,Insertion Sort,0.037304000000000004
480000,First Value,Lomuto,Insertion Sort,0.037304000000000004
480000,First Value,Lomuto,Insertion Sort,0.037304000000000004
480000,First Value,Lomuto,Insertion Sort,0.037304000000000004
480000,First Value,Lomuto,Insertion Sort,0.037304000000000004
480000,First Value,Lomuto,Insertion Sort,0.037304000000000004
480000,First Value,Lomuto,Insertion Sort,0.037304000000000004
480000,First Value,Lomuto,Insertion Sort,0.037304000000000004
490000,First Value,Lomuto,Insertion Sort,0.03865
490000,First Value,Lomuto,Insertion Sort,0.03865
490000,First Value,Lomuto,Insertion Sort,0.03865
490000,First Value,Lomuto,Insertion Sort,0.03865
490000,First Value,Lomuto,Insertion Sort,0.03865
490000,First Value,Lomuto,Insertion Sort,0.03865
490000,First Value,Lomuto,Insertion Sort,0.03865
490000,First Value,Lomuto,Insertion Sort,0.03865
490000,First Value,Lomuto,Insertion Sort,0.03865
490000,First Value,Lomuto,Insertion Sort,0.03865
490000,First Value,Lomuto,Insertion Sort,0.03865
490000,First Value,Lomuto,Insertion Sort,0.03865
500000,First Value,Lomuto,Insertion Sort,0.038611
500000,First Value,Lomuto,Insertion Sort,0.038611
500000,First Value,Lomuto,Insertion Sort,0.038611
500000,First Value,Lomuto,Insertion Sort,0.038611
500000,First Value,Lomuto,Insertion Sort,0.038611
500000,First Value,Lomuto,Insertion Sort,0.038611
500000,First Value,Lomuto,Insertion Sort,0.038611
500000,First Value,Lomuto,Insertion Sort,0.038611
500000,First Value,Lomuto,Insertion Sort,0.038611
500000,First Value,Lomuto,Insertion Sort,0.038611
500000,First Value,Lomuto,Insertion Sort,0.038611
500000,First Value,Lomuto,Insertion Sort,0.038611
510000,First Value,Lomuto,Insertion Sort,0.040463
510000,First Value,Lomuto,Insertion Sort,0.040463
510000,First Value,Lomuto,Insertion Sort,0.040463
510000,First Value,Lomuto,Insertion Sort,0.040463
510000,First Value,Lomuto,Insertion Sort,0.040463
510000,First Value,Lomuto,Insertion Sort,0.040463
510000,First Value,Lomuto,Insertion Sort,0.040463
510000,First Value,Lomuto,Insertion Sort,0.040463
510000,First Value,Lomuto,Insertion Sort,0.040463
510000,First Value,Lomuto,Insertion Sort,0.040463
510000,First Value,Lomuto,Insertion Sort,0.040463
510000,First Value,Lomuto,Insertion Sort,0.040463
520000,First Value,Lomuto,Insertion Sort,0.040546
520000,First Value,Lomuto,Insertion Sort,0.040546
520000,First Value,Lomuto,Insertion Sort,0.040546
520000,First Value,Lomuto,Insertion Sort,0.040546
520000,First Value,Lomuto,Insertion Sort,0.040546
520000,First Value,Lomuto,Insertion Sort,0.040546
520000,First Value,Lomuto,Insertion Sort,0.040546
520000,First Value,Lomuto,Insertion Sort,0.040546
520000,First Value,Lomuto,Insertion Sort,0.040546
520000,First Value,Lomuto,Insertion Sort,0.040546
520000,First Value,Lomuto,Insertion Sort,0.040546
520000,First Value,Lomuto,Insertion Sort,0.040546
530000,First Value,Lomuto,Insertion Sort,0.041438
530000,First Value,Lomuto,Insertion Sort,0.041438
530000,First Value,Lomuto,Insertion Sort,0.041438
530000,First Value,Lomuto,Insertion Sort,0.041438
530000,First Value,Lomuto,Insertion Sort,0.041438
530000,First Value,Lomuto,Insertion Sort,0.041438
530000,First Value,Lomuto,Insertion Sort,0.041438
530000,First Value,Lomuto,Insertion Sort,0.041438
530000,First Value,Lomuto,Insertion Sort,0.041438
530000,First Value,Lomuto,Insertion Sort,0.041438
530000,First Value,Lomuto,Insertion Sort,0.041438
530000,First Value,Lomuto,Insertion Sort,0.041438
540000,First Value,Lomuto,Insertion Sort,0.04245
540000,First Value,Lomuto,Insertion Sort,0.04245
540000,First Value,Lomuto,Insertion Sort,0.04245
540000,First Value,Lomuto,Insertion Sort,0.04245
540000,First Value,Lomuto,Insertion Sort,0.04245
540000,First Value,Lomuto,Insertion Sort,0.04245
540000,First Value,Lomuto,Insertion Sort,0.04245
540000,First Value,Lomuto,Insertion Sort,0.04245
540000,First Value,Lomuto,Insertion Sort,0.04245
540000,First Value,Lomuto,Insertion Sort,0.04245
540000,First Value,Lomuto,Insertion Sort,0.04245
540000,First Value,Lomuto,Insertion Sort,0.04245
550000,First Value,Lomuto,Insertion Sort,0.042691
550000,First Value,Lomuto,Insertion Sort,0.042691
550000,First Value,Lomuto,Insertion Sort,0.042691
550000,First Value,Lomuto,Insertion Sort,0.042691
550000,First Value,Lomuto,Insertion Sort,0.042691
550000,First Value,Lomuto,Insertion Sort,0.042691
550000,First Value,Lomuto,Insertion Sort,0.042691
550000,First Value,Lomuto,Insertion Sort,0.042691
550000,First Value,Lomuto,Insertion Sort,0.042691
550000,First Value,Lomuto,Insertion Sort,0.042691
550000,First Value,Lomuto,Insertion Sort,0.042691
550000,First Value,Lomuto,Insertion Sort,0.042691
560000,First Value,Lomuto,Insertion Sort,0.044822
560000,First Value,Lomuto,Insertion Sort,0.044822
560000,First Value,Lomuto,Insertion Sort,0.044822
560000,First Value,Lomuto,Insertion Sort,0.044822
560000,First Value,Lomuto,Insertion Sort,0.044822
560000,First Value,Lomuto,Insertion Sort,0.044822
560000,First Value,Lomuto,Insertion Sort,0.044822
560000,First Value,Lomuto,Insertion Sort,0.044822
560000,First Value,Lomuto,Insertion Sort,0.044822
560000,First Value,Lomuto,Insertion Sort,0.044822
560000,First Value,Lomuto,Insertion Sort,0.044822
560000,First Value,Lomuto,Insertion Sort,0.044822
570000,First Value,Lomuto,Insertion Sort,0.045454
570000,First Value,Lomuto,Insertion Sort,0.045454
570000,First Value,Lomuto,Insertion Sort,0.045454
570000,First Value,Lomuto,Insertion Sort,0.045454
570000,First Value,Lomuto,Insertion Sort,0.045454
570000,First Value,Lomuto,Insertion Sort,0.045454
570000,First Value,Lomuto,Insertion Sort,0.045454
570000,First Value,Lomuto,Insertion Sort,0.045454
570000,First Value,Lomuto,Insertion Sort,0.045454
570000,First Value,Lomuto,Insertion Sort,0.045454
570000,First Value,Lomuto,Insertion Sort,0.045454
570000,First Value,Lomuto,Insertion Sort,0.045454
580000,First Value,Lomuto,Insertion Sort,0.046114999999999996
580000,First Value,Lomuto,Insertion Sort,0.046114999999999996
580000,First Value,Lomuto,Insertion Sort,0.046114999999999996
580000,First Value,Lomuto,Insertion Sort,0.046114999999999996
580000,First Value,Lomuto,Insertion Sort,0.046114999999999996
580000,First Value,Lomuto,Insertion Sort,0.046114999999999996
580000,First Value,Lomuto,Insertion Sort,0.046114999999999996
580000,First Value,Lomuto,Insertion Sort,0.046114999999999996
580000,First Value,Lomuto,Insertion Sort,0.046114999999999996
580000,First Value,Lomuto,Insertion Sort,0.046114999999999996
580000,First Value,Lomuto,Insertion Sort,0.046114999999999996
580000,First Value,Lomuto,Insertion Sort,0.046114999999999996
590000,Random value,Lomuto,Insertion Sort,0.043594
590000,Random value,Lomuto,Insertion Sort,0.043594
590000,Random value,Lomuto,Insertion Sort,0.043594
590000,Random value,Lomuto,Insertion Sort,0.043594
590000,Random value,Lomuto,Insertion Sort,0.043594
590000,Random value,Lomuto,Insertion Sort,0.043594
590000,Random value,Lomuto,Insertion Sort,0.043594
590000,Random value,Lomuto,Insertion Sort,0.043594
590000,Random value,Lomuto,Insertion Sort,0.043594
590000,Random value,Lomuto,Insertion Sort,0.043594
590000,Random value,Lomuto,Insertion Sort,0.043594
590000,Random value,Lomuto,Insertion Sort,0.043594
600000,First Value,Lomuto,Insertion Sort,0.041701
600000,First Value,Lomuto,Insertion Sort,0.041701
600000,First Value,Lomuto,Insertion Sort,0.041701
600000,First Value,Lomuto,Insertion Sort,0.041701
600000,First Value,Lomuto,Insertion Sort,0.041701
600000,First Value,Lomuto,Insertion Sort,0.041701
600000,First Value,Lomuto,Insertion Sort,0.041701
600000,First Value,Lomuto,Insertion Sort,0.041701
600000,First Value,Lomuto,Insertion Sort,0.041701
600000,First Value,Lomuto,Insertion Sort,0.041701
600000,First Value,Lomuto,Insertion Sort,0.041701
600000,First Value,Lomuto,Insertion Sort,0.041701
610000,First Value,Lomuto,Insertion Sort,0.042942
610000,First Value,Lomuto,Insertion Sort,0.042942
610000,First Value,Lomuto,Insertion Sort,0.042942
610000,First Value,Lomuto,Insertion Sort,0.042942
610000,First Value,Lomuto,Insertion Sort,0.042942
610000,First Value,Lomuto,Insertion Sort,0.042942
610000,First Value,Lomuto,Insertion Sort,0.042942
610000,First Value,Lomuto,Insertion Sort,0.042942
610000,First Value,Lomuto,Insertion Sort,0.042942
610000,First Value,Lomuto,Insertion Sort,0.042942
610000,First Value,Lomuto,Insertion Sort,0.042942
610000,First Value,Lomuto,Insertion Sort,0.042942
620000,First Value,Lomuto,Insertion Sort,0.042662
620000,First Value,Lomuto,Insertion Sort,0.042662
620000,First Value,Lomuto,Insertion Sort,0.042662
620000,First Value,Lomuto,Insertion Sort,0.042662
620000,First Value,Lomuto,Insertion Sort,0.042662
620000,First Value,Lomuto,Insertion Sort,0.042662
620000,First Value,Lomuto,Insertion Sort,0.042662
620000,First Value,Lomuto,Insertion Sort,0.042662
620000,First Value,Lomuto,Insertion Sort,0.042662
620000,First Value,Lomuto,Insertion Sort,0.042662
620000,First Value,Lomuto,Insertion Sort,0.042662
620000,First Value,Lomuto,Insertion Sort,0.042662
630000,First Value,Lomuto,Insertion Sort,0.044348
630000,First Value,Lomuto,Insertion Sort,0.044348
630000,First Value,Lomuto,Insertion Sort,0.044348
630000,First Value,Lomuto,Insertion Sort,0.044348
630000,First Value,Lomuto,Insertion Sort,0.044348
630000,First Value,Lomuto,Insertion Sort,0.044348
630000,First Value,Lomuto,Insertion Sort,0.044348
630000,First Value,Lomuto,Insertion Sort,0.044348
630000,First Value,Lomuto,Insertion Sort,0.044348
630000,First Value,Lomuto,Insertion Sort,0.044348
630000,First Value,Lomuto,Insertion Sort,0.044348
630000,First Value,Lomuto,Insertion Sort,0.044348
640000,First Value,Lomuto,Insertion Sort,0.044719
640000,First Value,Lomuto,Insertion Sort,0.044719
640000,First Value,Lomuto,Insertion Sort,0.044719
640000,First Value,Lomuto,Insertion Sort,0.044719
640000,First Value,Lomuto,Insertion Sort,0.044719
640000,First Value,Lomuto,Insertion Sort,0.044719
640000,First Value,Lomuto,Insertion Sort,0.044719
640000,First Value,Lomuto,Insertion Sort,0.044719
640000,First Value,Lomuto,Insertion Sort,0.044719
640000,First Value,Lomuto,Insertion Sort,0.044719
640000,First Value,Lomuto,Insertion Sort,0.044719
640000,First Value,Lomuto,Insertion Sort,0.044719
650000,First Value,Lomuto,Insertion Sort,0.045362
650000,First Value,Lomuto,Insertion Sort,0.045362
650000,First Value,Lomuto,Insertion Sort,0.045362
650000,First Value,Lomuto,Insertion Sort,0.045362
650000,First Value,Lomuto,Insertion Sort,0.045362
650000,First Value,Lomuto,Insertion Sort,0.045362
650000,First Value,Lomuto,Insertion Sort,0.045362
650000,First Value,Lomuto,Insertion Sort,0.045362
650000,First Value,Lomuto,Insertion Sort,0.045362
650000,First Value,Lomuto,Insertion Sort,0.045362
650000,First Value,Lomuto,Insertion Sort,0.045362
650000,First Value,Lomuto,Insertion Sort,0.045362
660000,First Value,Lomuto,Insertion Sort,0.045948
660000,First Value,Lomuto,Insertion Sort,0.045948
660000,First Value,Lomuto,Insertion Sort,0.045948
660000,First Value,Lomuto,Insertion Sort,0.045948
660000,First Value,Lomuto,Insertion Sort,0.045948
660000,First Value,Lomuto,Insertion Sort,0.045948
660000,First Value,Lomuto,Insertion Sort,0.045948
660000,First Value,Lomuto,Insertion Sort,0.045948
660000,First Value,Lomuto,Insertion Sort,0.045948
660000,First Value,Lomuto,Insertion Sort,0.045948
660000,First Value,Lomuto,Insertion Sort,0.045948
660000,First Value,Lomuto,Insertion Sort,0.045948
670000,First Value,Lomuto,Insertion Sort,0.046648
670000,First Value,Lomuto,Insertion Sort,0.046648
670000,First Value,Lomuto,Insertion Sort,0.046648
670000,First Value,Lomuto,Insertion Sort,0.046648
670000,First Value,Lomuto,Insertion Sort,0.046648
670000,First Value,Lomuto,Insertion Sort,0.046648
670000,First Value,Lomuto,Insertion Sort,0.046648
670000,First Value,Lomuto,Insertion Sort,0.046648
670000,First Value,Lomuto,Insertion Sort,0.046648
670000,First Value,Lomuto,Insertion Sort,0.046648
670000,First Value,Lomuto,Insertion Sort,0.046648
670000,First Value,Lomuto,Insertion Sort,0.046648
680000,First Value,Lomuto,Insertion Sort,0.047341
680000,First Value,Lomuto,Insertion Sort,0.047341
680000,First Value,Lomuto,Insertion Sort,0.047341
680000,First Value,Lomuto,Insertion Sort,0.047341
680000,First Value,Lomuto,Insertion Sort,0.047341
680000,First Value,Lomuto,Insertion Sort,0.047341
680000,First Value,Lomuto,Insertion Sort,0.047341
680000,First Value,Lomuto,Insertion Sort,0.047341
680000,First Value,Lomuto,Insertion Sort,0.047341
680000,First Value,Lomuto,Insertion Sort,0.047341
680000,First Value,Lomuto,Insertion Sort,0.047341
680000,First Value,Lomuto,Insertion Sort,0.047341
690000,First Value,Lomuto,Insertion Sort,0.048561
690000,First Value,Lomuto,Insertion Sort,0.048561
690000,First Value,Lomuto,Insertion Sort,0.048561
690000,First Value,Lomuto,Insertion Sort,0.048561
690000,First Value,Lomuto,Insertion Sort,0.048561
690000,First Value,Lomuto,Insertion Sort,0.048561
690000,First Value,Lomuto,Insertion Sort,0.048561
690000,First Value,Lomuto,Insertion Sort,0.048561
690000,First Value,Lomuto,Insertion Sort,0.048561
690000,First Value,Lomuto,Insertion Sort,0.048561
690000,First Value,Lomuto,Insertion Sort,0.048561
690000,First Value,Lomuto,Insertion Sort,0.048561
700000,First Value,Lomuto,Insertion Sort,0.048949
700000,First Value,Lomuto,Insertion Sort,0.048949
700000,First Value,Lomuto,Insertion Sort,0.048949
700000,First Value,Lomuto,Insertion Sort,0.048949
700000,First Value,Lomuto,Insertion Sort,0.048949
700000,First Value,Lomuto,Insertion Sort,0.048949
700000,First Value,Lomuto,Insertion Sort,0.048949
700000,First Value,Lomuto,Insertion Sort,0.048949
700000,First Value,Lomuto,Insertion Sort,0.048949
700000,First Value,Lomuto,Insertion Sort,0.048949
700000,First Value,Lomuto,Insertion Sort,0.048949
700000,First Value,Lomuto,Insertion Sort,0.048949
710000,First Value,Lomuto,Insertion Sort,0.049961
710000,First Value,Lomuto,Insertion Sort,0.049961
710000,First Value,Lomuto,Insertion Sort,0.049961
710000,First Value,Lomuto,Insertion Sort,0.049961
710000,First Value,Lomuto,Insertion Sort,0.049961
710000,First Value,Lomuto,Insertion Sort,0.049961
710000,First Value,Lomuto,Insertion Sort,0.049961
710000,First Value,Lomuto,Insertion Sort,0.049961
710000,First Value,Lomuto,Insertion Sort,0.049961
710000,First Value,Lomuto,Insertion Sort,0.049961
710000,First Value,Lomuto,Insertion Sort,0.049961
710000,First Value,Lomuto,Insertion Sort,0.049961
720000,First Value,Lomuto,Insertion Sort,0.050628
720000,First Value,Lomuto,Insertion Sort,0.050628
720000,First Value,Lomuto,Insertion Sort,0.050628
720000,First Value,Lomuto,Insertion Sort,0.050628
720000,First Value,Lomuto,Insertion Sort,0.050628
720000,First Value,Lomuto,Insertion Sort,0.050628
720000,First Value,Lomuto,Insertion Sort,0.050628
720000,First Value,Lomuto,Insertion Sort,0.050628
720000,First Value,Lomuto,Insertion Sort,0.050628
720000,First Value,Lomuto,Insertion Sort,0.050628
720000,First Value,Lomuto,Insertion Sort,0.050628
720000,First Value,Lomuto,Insertion Sort,0.050628
730000,First Value,Lomuto,Insertion Sort,0.051684
730000,First Value,Lomuto,Insertion Sort,0.051684
730000,First Value,Lomuto,Insertion Sort,0.051684
730000,First Value,Lomuto,Insertion Sort,0.051684
730000,First Value,Lomuto,Insertion Sort,0.051684
730000,First Value,Lomuto,Insertion Sort,0.051684
730000,First Value,Lomuto,Insertion Sort,0.051684
730000,First Value,Lomuto,Insertion Sort,0.051684
730000,First Value,Lomuto,Insertion Sort,0.051684
730000,First Value,Lomuto,Insertion Sort,0.051684
730000,First Value,Lomuto,Insertion Sort,0.051684
730000,First Value,Lomuto,Insertion Sort,0.051684
740000,First Value,Lomuto,Insertion Sort,0.052278
740000,First Value,Lomuto,Insertion Sort,0.052278
740000,First Value,Lomuto,Insertion Sort,0.052278
740000,First Value,Lomuto,Insertion Sort,0.052278
740000,First Value,Lomuto,Insertion Sort,0.052278
740000,First Value,Lomuto,Insertion Sort,0.052278
740000,First Value,Lomuto,Insertion Sort,0.052278
740000,First Value,Lomuto,Insertion Sort,0.052278
740000,First Value,Lomuto,Insertion Sort,0.052278
740000,First Value,Lomuto,Insertion Sort,0.052278
740000,First Value,Lomuto,Insertion Sort,0.052278
740000,First Value,Lomuto,Insertion Sort,0.052278
750000,First Value,Lomuto,Insertion Sort,0.05255800000000001
750000,First Value,Lomuto,Insertion Sort,0.05255800000000001
750000,First Value,Lomuto,Insertion Sort,0.05255800000000001
750000,First Value,Lomuto,Insertion Sort,0.05255800000000001
750000,First Value,Lomuto,Insertion Sort,0.05255800000000001
750000,First Value,Lomuto,Insertion Sort,0.05255800000000001
750000,First Value,Lomuto,Insertion Sort,0.05255800000000001
750000,First Value,Lomuto,Insertion Sort,0.05255800000000001
750000,First Value,Lomuto,Insertion Sort,0.05255800000000001
750000,First Value,Lomuto,Insertion Sort,0.05255800000000001
750000,First Value,Lomuto,Insertion Sort,0.05255800000000001
750000,First Value,Lomuto,Insertion Sort,0.05255800000000001
760000,First Value,Lomuto,Insertion Sort,0.053423000000000005
760000,First Value,Lomuto,Insertion Sort,0.053423000000000005
760000,First Value,Lomuto,Insertion Sort,0.053423000000000005
760000,First Value,Lomuto,Insertion Sort,0.053423000000000005
760000,First Value,Lomuto,Insertion Sort,0.053423000000000005
760000,First Value,Lomuto,Insertion Sort,0.053423000000000005
760000,First Value,Lomuto,Insertion Sort,0.053423000000000005
760000,First Value,Lomuto,Insertion Sort,0.053423000000000005
760000,First Value,Lomuto,Insertion Sort,0.053423000000000005
760000,First Value,Lomuto,Insertion Sort,0.053423000000000005
760000,First Value,Lomuto,Insertion Sort,0.053423000000000005
760000,First Value,Lomuto,Insertion Sort,0.053423000000000005
770000,First Value,Lomuto,Insertion Sort,0.053812
770000,First Value,Lomuto,Insertion Sort,0.053812
770000,First Value,Lomuto,Insertion Sort,0.053812
770000,First Value,Lomuto,Insertion Sort,0.053812
770000,First Value,Lomuto,Insertion Sort,0.053812
770000,First Value,Lomuto,Insertion Sort,0.053812
770000,First Value,Lomuto,Insertion Sort,0.053812
770000,First Value,Lomuto,Insertion Sort,0.053812
770000,First Value,Lomuto,Insertion Sort,0.053812
770000,First Value,Lomuto,Insertion Sort,0.053812
770000,First Value,Lomuto,Insertion Sort,0.053812
770000,First Value,Lomuto,Insertion Sort,0.053812
780000,First Value,Lomuto,Insertion Sort,0.054975
780000,First Value,Lomuto,Insertion Sort,0.054975
780000,First Value,Lomuto,Insertion Sort,0.054975
780000,First Value,Lomuto,Insertion Sort,0.054975
780000,First Value,Lomuto,Insertion Sort,0.054975
780000,First Value,Lomuto,Insertion Sort,0.054975
780000,First Value,Lomuto,Insertion Sort,0.054975
780000,First Value,Lomuto,Insertion Sort,0.054975
780000,First Value,Lomuto,Insertion Sort,0.054975
780000,First Value,Lomuto,Insertion Sort,0.054975
780000,First Value,Lomuto,Insertion Sort,0.054975
780000,First Value,Lomuto,Insertion Sort,0.054975
790000,First Value,Lomuto,Insertion Sort,0.055626999999999996
790000,First Value,Lomuto,Insertion Sort,0.055626999999999996
790000,First Value,Lomuto,Insertion Sort,0.055626999999999996
790000,First Value,Lomuto,Insertion Sort,0.055626999999999996
790000,First Value,Lomuto,Insertion Sort,0.055626999999999996
790000,First Value,Lomuto,Insertion Sort,0.055626999999999996
790000,First Value,Lomuto,Insertion Sort,0.055626999999999996
790000,First Value,Lomuto,Insertion Sort,0.055626999999999996
790000,First Value,Lomuto,Insertion Sort,0.055626999999999996
790000,First Value,Lomuto,Insertion Sort,0.055626999999999996
790000,First Value,Lomuto,Insertion Sort,0.055626999999999996
790000,First Value,Lomuto,Insertion Sort,0.055626999999999996
800000,First Value,Lomuto,Insertion Sort,0.064322
800000,First Value,Lomuto,Insertion Sort,0.064322
800000,First Value,Lomuto,Insertion Sort,0.064322
800000,First Value,Lomuto,Insertion Sort,0.064322
800000,First Value,Lomuto,Insertion Sort,0.064322
800000,First Value,Lomuto,Insertion Sort,0.064322
800000,First Value,Lomuto,Insertion Sort,0.064322
800000,First Value,Lomuto,Insertion Sort,0.064322
800000,First Value,Lomuto,Insertion Sort,0.064322
800000,First Value,Lomuto,Insertion Sort,0.064322
800000,First Value,Lomuto,Insertion Sort,0.064322
800000,First Value,Lomuto,Insertion Sort,0.064322
810000,First Value,Lomuto,Insertion Sort,0.064785
810000,First Value,Lomuto,Insertion Sort,0.064785
810000,First Value,Lomuto,Insertion Sort,0.064785
810000,First Value,Lomuto,Insertion Sort,0.064785
810000,First Value,Lomuto,Insertion Sort,0.064785
810000,First Value,Lomuto,Insertion Sort,0.064785
810000,First Value,Lomuto,Insertion Sort,0.064785
810000,First Value,Lomuto,Insertion Sort,0.064785
810000,First Value,Lomuto,Insertion Sort,0.064785
810000,First Value,Lomuto,Insertion Sort,0.064785
810000,First Value,Lomuto,Insertion Sort,0.064785
810000,First Value,Lomuto,Insertion Sort,0.064785
820000,First Value,Lomuto,Insertion Sort,0.06688
820000,First Value,Lomuto,Insertion Sort,0.06688
820000,First Value,Lomuto,Insertion Sort,0.06688
820000,First Value,Lomuto,Insertion Sort,0.06688
820000,First Value,Lomuto,Insertion Sort,0.06688
820000,First Value,Lomuto,Insertion Sort,0.06688
820000,First Value,Lomuto,Insertion Sort,0.06688
820000,First Value,Lomuto,Insertion Sort,0.06688
820000,First Value,Lomuto,Insertion Sort,0.06688
820000,First Value,Lomuto,Insertion Sort,0.06688
820000,First Value,Lomuto,Insertion Sort,0.06688
820000,First Value,Lomuto,Insertion Sort,0.06688
830000,First Value,Lomuto,Insertion Sort,0.06702899999999999
830000,First Value,Lomuto,Insertion Sort,0.06702899999999999
830000,First Value,Lomuto,Insertion Sort,0.06702899999999999
830000,First Value,Lomuto,Insertion Sort,0.06702899999999999
830000,First Value,Lomuto,Insertion Sort,0.06702899999999999
830000,First Value,Lomuto,Insertion Sort,0.06702899999999999
830000,First Value,Lomuto,Insertion Sort,0.06702899999999999
830000,First Value,Lomuto,Insertion Sort,0.06702899999999999
830000,First Value,Lomuto,Insertion Sort,0.06702899999999999
830000,First Value,Lomuto,Insertion Sort,0.06702899999999999
830000,First Value,Lomuto,Insertion Sort,0.06702899999999999
830000,First Value,Lomuto,Insertion Sort,0.06702899999999999
840000,First Value,Lomuto,Insertion Sort,0.067712
840000,First Value,Lomuto,Insertion Sort,0.067712
840000,First Value,Lomuto,Insertion Sort,0.067712
840000,First Value,Lomuto,Insertion Sort,0.067712
840000,First Value,Lomuto,Insertion Sort,0.067712
840000,First Value,Lomuto,Insertion Sort,0.067712
840000,First Value,Lomuto,Insertion Sort,0.067712
840000,First Value,Lomuto,Insertion Sort,0.067712
840000,First Value,Lomuto,Insertion Sort,0.067712
840000,First Value,Lomuto,Insertion Sort,0.067712
840000,First Value,Lomuto,Insertion Sort,0.067712
840000,First Value,Lomuto,Insertion Sort,0.067712
850000,First Value,Lomuto,Insertion Sort,0.069098
850000,First Value,Lomuto,Insertion Sort,0.069098
850000,First Value,Lomuto,Insertion Sort,0.069098
850000,First Value,Lomuto,Insertion Sort,0.069098
850000,First Value,Lomuto,Insertion Sort,0.069098
850000,First Value,Lomuto,Insertion Sort,0.069098
850000,First Value,Lomuto,Insertion Sort,0.069098
850000,First Value,Lomuto,Insertion Sort,0.069098
850000,First Value,Lomuto,Insertion Sort,0.069098
850000,First Value,Lomuto,Insertion Sort,0.069098
850000,First Value,Lomuto,Insertion Sort,0.069098
850000,First Value,Lomuto,Insertion Sort,0.069098
860000,First Value,Lomuto,Insertion Sort,0.069117
860000,First Value,Lomuto,Insertion Sort,0.069117
860000,First Value,Lomuto,Insertion Sort,0.069117
860000,First Value,Lomuto,Insertion Sort,0.069117
860000,First Value,Lomuto,Insertion Sort,0.069117
860000,First Value,Lomuto,Insertion Sort,0.069117
860000,First Value,Lomuto,Insertion Sort,0.069117
860000,First Value,Lomuto,Insertion Sort,0.069117
860000,First Value,Lomuto,Insertion Sort,0.069117
860000,First Value,Lomuto,Insertion Sort,0.069117
860000,First Value,Lomuto,Insertion Sort,0.069117
860000,First Value,Lomuto,Insertion Sort,0.069117
870000,First Value,Lomuto,Insertion Sort,0.071412
870000,First Value,Lomuto,Insertion Sort,0.071412
870000,First Value,Lomuto,Insertion Sort,0.071412
870000,First Value,Lomuto,Insertion Sort,0.071412
870000,First Value,Lomuto,Insertion Sort,0.071412
870000,First Value,Lomuto,Insertion Sort,0.071412
870000,First Value,Lomuto,Insertion Sort,0.071412
870000,First Value,Lomuto,Insertion Sort,0.071412
870000,First Value,Lomuto,Insertion Sort,0.071412
870000,First Value,Lomuto,Insertion Sort,0.071412
870000,First Value,Lomuto,Insertion Sort,0.071412
870000,First Value,Lomuto,Insertion Sort,0.071412
880000,First Value,Lomuto,Insertion Sort,0.070229
880000,First Value,Lomuto,Insertion Sort,0.070229
880000,First Value,Lomuto,Insertion Sort,0.070229
880000,First Value,Lomuto,Insertion Sort,0.070229
880000,First Value,Lomuto,Insertion Sort,0.070229
880000,First Value,Lomuto,Insertion Sort,0.070229
880000,First Value,Lomuto,Insertion Sort,0.070229
880000,First Value,Lomuto,Insertion Sort,0.070229
880000,First Value,Lomuto,Insertion Sort,0.070229
880000,First Value,Lomuto,Insertion Sort,0.070229
880000,First Value,Lomuto,Insertion Sort,0.070229
880000,First Value,Lomuto,Insertion Sort,0.070229
890000,First Value,Lomuto,Insertion Sort,0.071877
890000,First Value,Lomuto,Insertion Sort,0.071877
890000,First Value,Lomuto,Insertion Sort,0.071877
890000,First Value,Lomuto,Insertion Sort,0.071877
890000,First Value,Lomuto,Insertion Sort,0.071877
890000,First Value,Lomuto,Insertion Sort,0.071877
890000,First Value,Lomuto,Insertion Sort,0.071877
890000,First Value,Lomuto,Insertion Sort,0.071877
890000,First Value,Lomuto,Insertion Sort,0.071877
890000,First Value,Lomuto,Insertion Sort,0.071877
890000,First Value,Lomuto,Insertion Sort,0.071877
890000,First Value,Lomuto,Insertion Sort,0.071877
900000,First Value,Lomuto,Insertion Sort,0.07280700000000001
900000,First Value,Lomuto,Insertion Sort,0.07280700000000001
900000,First Value,Lomuto,Insertion Sort,0.07280700000000001
900000,First Value,Lomuto,Insertion Sort,0.07280700000000001
900000,First Value,Lomuto,Insertion Sort,0.07280700000000001
900000,First Value,Lomuto,Insertion Sort,0.07280700000000001
900000,First Value,Lomuto,Insertion Sort,0.07280700000000001
900000,First Value,Lomuto,Insertion Sort,0.07280700000000001
900000,First Value,Lomuto,Insertion Sort,0.07280700000000001
900000,First Value,Lomuto,Insertion Sort,0.07280700000000001
900000,First Value,Lomuto,Insertion Sort,0.07280700000000001
900000,First Value,Lomuto,Insertion Sort,0.07280700000000001
910000,First Value,Lomuto,Insertion Sort,0.07399800000000001
910000,First Value,Lomuto,Insertion Sort,0.07399800000000001
910000,First Value,Lomuto,Insertion Sort,0.07399800000000001
910000,First Value,Lomuto,Insertion Sort,0.07399800000000001
910000,First Value,Lomuto,Insertion Sort,0.07399800000000001
910000,First Value,Lomuto,Insertion Sort,0.07399800000000001
910000,First Value,Lomuto,Insertion Sort,0.07399800000000001
910000,First Value,Lomuto,Insertion Sort,0.07399800000000001
910000,First Value,Lomuto,Insertion Sort,0.07399800000000001
910000,First Value,Lomuto,Insertion Sort,0.07399800000000001
910000,First Value,Lomuto,Insertion Sort,0.07399800000000001
910000,First Value,Lomuto,Insertion Sort,0.07399800000000001
920000,First Value,Lomuto,Insertion Sort,0.073558
920000,First Value,Lomuto,Insertion Sort,0.073558
920000,First Value,Lomuto,Insertion Sort,0.073558
920000,First Value,Lomuto,Insertion Sort,0.073558
920000,First Value,Lomuto,Insertion Sort,0.073558
920000,First Value,Lomuto,Insertion Sort,0.073558
920000,First Value,Lomuto,Insertion Sort,0.073558
920000,First Value,Lomuto,Insertion Sort,0.073558
920000,First Value,Lomuto,Insertion Sort,0.073558
920000,First Value,Lomuto,Insertion Sort,0.073558
920000,First Value,Lomuto,Insertion Sort,0.073558
920000,First Value,Lomuto,Insertion Sort,0.073558
930000,First Value,Lomuto,Insertion Sort,0.075649
930000,First Value,Lomuto,Insertion Sort,0.075649
930000,First Value,Lomuto,Insertion Sort,0.075649
930000,First Value,Lomuto,Insertion Sort,0.075649
930000,First Value,Lomuto,Insertion Sort,0.075649
930000,First Value,Lomuto,Insertion Sort,0.075649
930000,First Value,Lomuto,Insertion Sort,0.075649
930000,First Value,Lomuto,Insertion Sort,0.075649
930000,First Value,Lomuto,Insertion Sort,0.075649
930000,First Value,Lomuto,Insertion Sort,0.075649
930000,First Value,Lomuto,Insertion Sort,0.075649
930000,First Value,Lomuto,Insertion Sort,0.075649
940000,First Value,Lomuto,Insertion Sort,0.076612
940000,First Value,Lomuto,Insertion Sort,0.076612
940000,First Value,Lomuto,Insertion Sort,0.076612
940000,First Value,Lomuto,Insertion Sort,0.076612
940000,First Value,Lomuto,Insertion Sort,0.076612
940000,First Value,Lomuto,Insertion Sort,0.076612
940000,First Value,Lomuto,Insertion Sort,0.076612
940000,First Value,Lomuto,Insertion Sort,0.076612
940000,First Value,Lomuto,Insertion Sort,0.076612
940000,First Value,Lomuto,Insertion Sort,0.076612
940000,First Value,Lomuto,Insertion Sort,0.076612
940000,First Value,Lomuto,Insertion Sort,0.076612
950000,Random value,Lomuto,Insertion Sort,0.075526
950000,Random value,Lomuto,Insertion Sort,0.075526
950000,Random value,Lomuto,Insertion Sort,0.075526
950000,Random value,Lomuto,Insertion Sort,0.075526
950000,Random value,Lomuto,Insertion Sort,0.075526
950000,Random value,Lomuto,Insertion Sort,0.075526
950000,Random value,Lomuto,Insertion Sort,0.075526
950000,Random value,Lomuto,Insertion Sort,0.075526
950000,Random value,Lomuto,Insertion Sort,0.075526
950000,Random value,Lomuto,Insertion Sort,0.075526
950000,Random value,Lomuto,Insertion Sort,0.075526
950000,Random value,Lomuto,Insertion Sort,0.075526
960000,First Value,Lomuto,Insertion Sort,0.073063
960000,First Value,Lomuto,Insertion Sort,0.073063
960000,First Value,Lomuto,Insertion Sort,0.073063
960000,First Value,Lomuto,Insertion Sort,0.073063
960000,First Value,Lomuto,Insertion Sort,0.073063
960000,First Value,Lomuto,Insertion Sort,0.073063
960000,First Value,Lomuto,Insertion Sort,0.073063
960000,First Value,Lomuto,Insertion Sort,0.073063
960000,First Value,Lomuto,Insertion Sort,0.073063
960000,First Value,Lomuto,Insertion Sort,0.073063
960000,First Value,Lomuto,Insertion Sort,0.073063
960000,First Value,Lomuto,Insertion Sort,0.073063
970000,First Value,Lomuto,Insertion Sort,0.073532
970000,First Value,Lomuto,Insertion Sort,0.073532
970000,First Value,Lomuto,Insertion Sort,0.073532
970000,First Value,Lomuto,Insertion Sort,0.073532
970000,First Value,Lomuto,Insertion Sort,0.073532
970000,First Value,Lomuto,Insertion Sort,0.073532
970000,First Value,Lomuto,Insertion Sort,0.073532
970000,First Value,Lomuto,Insertion Sort,0.073532
970000,First Value,Lomuto,Insertion Sort,0.073532
970000,First Value,Lomuto,Insertion Sort,0.073532
970000,First Value,Lomuto,Insertion Sort,0.073532
970000,First Value,Lomuto,Insertion Sort,0.073532
980000,First Value,Lomuto,Insertion Sort,0.074388
980000,First Value,Lomuto,Insertion Sort,0.074388
980000,First Value,Lomuto,Insertion Sort,0.074388
980000,First Value,Lomuto,Insertion Sort,0.074388
980000,First Value,Lomuto,Insertion Sort,0.074388
980000,First Value,Lomuto,Insertion Sort,0.074388
980000,First Value,Lomuto,Insertion Sort,0.074388
980000,First Value,Lomuto,Insertion Sort,0.074388
980000,First Value,Lomuto,Insertion Sort,0.074388
980000,First Value,Lomuto,Insertion Sort,0.074388
980000,First Value,Lomuto,Insertion Sort,0.074388
980000,First Value,Lomuto,Insertion Sort,0.074388
990000,First Value,Lomuto,Insertion Sort,0.076602
990000,First Value,Lomuto,Insertion Sort,0.076602
990000,First Value,Lomuto,Insertion Sort,0.076602
990000,First Value,Lomuto,Insertion Sort,0.076602
990000,First Value,Lomuto,Insertion Sort,0.076602
990000,First Value,Lomuto,Insertion Sort,0.076602
990000,First Value,Lomuto,Insertion Sort,0.076602
990000,First Value,Lomuto,Insertion Sort,0.076602
990000,First Value,Lomuto,Insertion Sort,0.076602
990000,First Value,Lomuto,Insertion Sort,0.076602
990000,First Value,Lomuto,Insertion Sort,0.076602
990000,First Value,Lomuto,Insertion Sort,0.076602
1000000,First Value,Lomuto,Insertion Sort,0.076348
1000000,First Value,Lomuto,Insertion Sort,0.076348
1000000,First Value,Lomuto,Insertion Sort,0.076348
1000000,First Value,Lomuto,Insertion Sort,0.076348
1000000,First Value,Lomuto,Insertion Sort,0.076348
1000000,First Value,Lomuto,Insertion Sort,0.076348
1000000,First Value,Lomuto,Insertion Sort,0.076348
1000000,First Value,Lomuto,Insertion Sort,0.076348
1000000,First Value,Lomuto,Insertion Sort,0.076348
1000000,First Value,Lomuto,Insertion Sort,0.076348
1000000,First Value,Lomuto,Insertion Sort,0.076348
1000000,First Value,Lomuto,Insertion Sort,0.076348
